{
  "threshold": 0.4161007427576446,
  "roc_auc": 0.6397537292714801
}